trainee_number,quality_group_score,cognition,initial_rating_score,final_instructor_score,sea_command,land_command,command_final,thinking_ability_final,sea_performance_final,teamwork_final,stress_resilience_final,persistence_final,motivation,structures_test,sea_rowing,sea_rowing_test,fuel_regulator_test,navigation_test,gps_test,fire_extinguishing_test,marine_navigation_radar_test,professional_lecture,lecture_from_home,submarine_heating_exercise,topographic_map_exercise,raft_exercise,ps2_exercise,commander_qualities_exercise,billion_dollar_exercise,rowing,ship_interception_exercise,hole_digging,sociometric_stretchers,journey_1,journey_2,sociometric_rope,crawls,hydraulic_system_test,submarine_watch_exercise,m16_disassembly,m16_assembly,m16_final,psychologist_interview,psychologist_final,naval_officers_formula_score,number_of_trainees_in_group,commander_sociometric_position,friend_sociometric_position,commander_sociometric_ninths,friend_sociometric_ninths,commander_sociometric_percentile,cubes_in_darkness,pull_up_exercise,acid_stream_exercise,rowing_competition,material_evacuation_exercise,machinery_component_understanding,machinery_mechanical_system_analysis,machinery_drawing_analysis,machinery_understanding_physical_forces,machinery_final_suitability_score,machinery_recommendation,electronics_simulator_score,electronics_electrical_circuit_test,electronics_interview,electronics_final_suitability_score,electronics_recommendation,conduct_two_assessments_flag,short_assessment
95,54,60,35,7,6,6,6,6,7,7,7,6,6,80,60,20,22,16,40,0,0,5,0,4,5,7,5,5,5,5,0,7,7,5,4,5,0,0,0,0,0,0,0,0,68,15,5,2,6,7,73.3,0,0,0,0,0.0,0,0,0,0,0,0,0,0,0,0,0,0,1
301,55,70,32,6,5,4,6,7,6,6,5,6,5,0,100,20,56,0,60,0,0,6,6,0,7,6,8,6,0,6,6,7,7,7,6,7,6,0,0,0,0,0,0,0,68,12,1,1,8,8,100.0,0,0,0,0,0.0,0,0,0,0,0,0,0,0,0,0,0,0,1
40,56,80,32,6,5,7,6,7,6,7,7,6,7,100,80,40,79,64,70,74,50,7,0,6,5,6,5,5,6,6,0,4,5,6,5,6,0,0,0,0,0,0,0,0,70,15,2,3,7,7,93.3,0,0,0,0,0.0,0,0,0,0,0,0,0,0,0,0,0,0,1
12,56,80,40,6,4,3,4,6,5,6,5,5,7,0,0,0,79,44,70,100,0,7,0,4,0,0,6,0,0,3,0,7,7,5,5,0,0,0,0,0,0,0,0,0,66,14,4,5,6,5,78.6,0,0,0,0,0.0,0,0,0,0,0,0,0,0,0,0,0,0,1
94,56,80,31,8,8,7,8,7,8,7,7,7,9,100,80,80,85,60,70,0,0,7,7,7,6,6,6,8,7,5,0,5,7,5,5,6,0,0,0,0,0,0,0,0,78,12,1,8,7,4,100.0,0,0,0,0,0.0,0,0,0,0,0,0,0,0,0,0,0,0,1
566,0,0,0,6,5,5,5,7,6,6,5,5,7,80,40,20,60,30,40,0,0,7,5,0,0,4,3,0,3,7,0,0,0,0,0,0,0,64,6,6,6,6,0,0,54,12,10,5,4,6,25.0,5,7,5,0,0.0,0,0,0,0,0,0,0,0,0,0,0,0,1
100,56,90,31,7,5,6,7,7,7,7,7,7,8,100,60,60,88,72,60,0,0,6,0,3,3,6,6,6,6,5,0,4,5,6,6,5,0,0,0,0,0,0,0,0,65,12,4,5,7,6,75.0,0,0,0,0,0.0,0,0,0,0,0,0,0,0,0,0,0,0,1
10,55,80,24,6,6,6,5,7,6,5,5,5,9,0,0,0,100,0,30,98,82,7,8,0,0,0,5,0,5,0,0,0,0,0,0,0,0,0,0,0,0,0,0,4,63,12,3,3,6,6,83.3,0,0,0,0,0.0,0,0,0,0,0,0,0,0,0,0,0,0,1
108,54,60,0,7,7,6,8,6,7,7,7,8,9,0,80,20,60,0,40,0,0,5,8,5,8,8,4,6,7,7,6,6,7,6,6,5,7,0,0,0,0,0,0,0,65,12,6,9,6,4,58.3,0,0,0,0,0.0,0,0,0,0,0,0,0,0,0,0,0,0,1
534,54,60,31,7,6,7,6,4,6,6,6,6,9,0,100,20,0,40,50,0,0,7,7,0,0,4,5,0,0,6,4,0,0,0,0,0,0,0,0,0,0,5,0,0,71,13,1,6,8,6,100.0,0,0,0,0,0.0,0,0,0,0,0,0,0,0,0,0,0,0,1
130,55,70,32,5,6,7,5,7,5,5,4,5,9,60,40,80,0,0,60,56,44,8,5,8,4,6,4,7,0,4,0,5,5,4,4,5,0,0,0,0,0,0,0,0,61,14,8,11,5,4,50.0,0,0,0,0,0.0,0,0,0,0,0,0,0,0,0,0,0,0,1
188,56,90,29,6,5,6,6,8,6,5,5,6,9,0,40,40,70,30,70,0,0,7,9,0,4,5,5,6,6,5,6,6,5,5,6,6,6,0,6,0,0,6,0,0,66,12,1,2,7,6,100.0,0,0,0,0,0.0,0,0,0,0,0,0,0,0,0,0,0,0,1
47,55,70,31,3,4,3,3,6,4,7,4,5,7,100,100,20,68,21,50,0,0,6,6,2,0,6,1,3,1,5,2,5,8,4,5,4,8,0,0,0,0,0,0,0,58,10,6,8,5,4,50.0,0,0,0,0,0.0,0,0,0,0,0,0,0,0,0,0,0,0,1
92,56,70,40,6,0,6,6,6,0,6,4,5,6,80,100,20,70,48,40,0,0,8,8,5,0,0,4,4,6,0,0,0,0,5,5,0,0,0,0,0,0,0,0,4,0,13,1,1,8,7,100.0,0,0,0,0,0.0,0,0,0,0,0,0,0,0,0,0,0,0,1
31,55,80,25,7,7,6,7,5,7,9,8,8,8,0,0,0,0,0,0,100,60,8,6,0,7,0,6,0,7,0,0,0,0,0,5,0,0,0,0,0,0,0,0,0,0,8,2,5,6,5,87.5,0,0,0,0,0.0,0,0,0,0,0,0,0,0,0,0,0,0,1
51,56,80,32,8,7,8,7,7,7,8,7,7,8,0,0,0,50,66,70,100,0,7,0,5,0,0,8,5,0,0,0,5,0,5,5,0,0,0,0,0,0,0,0,0,76,15,3,5,7,6,86.7,0,0,0,0,0.0,0,0,0,0,0,0,0,0,0,0,0,0,1
103,55,70,31,8,8,7,8,7,8,8,8,8,9,100,80,40,56,2,40,0,0,8,8,6,6,8,6,8,8,5,0,7,6,5,8,7,0,0,0,0,0,0,0,0,80,15,2,3,8,7,93.3,0,0,0,0,0.0,0,0,0,0,0,0,0,0,0,0,0,0,1
130,56,90,30,6,5,4,5,6,6,7,5,7,7,100,40,60,68,0,60,0,62,6,0,2,4,4,5,4,0,0,0,5,8,5,5,4,0,0,0,0,0,0,5,5,65,12,3,3,6,6,83.3,0,0,0,0,0.0,0,0,0,0,0,0,0,0,0,0,0,0,1
131,53,70,25,7,5,7,6,7,6,7,6,6,7,80,60,0,90,0,70,70,56,6,7,4,5,5,7,5,0,0,0,4,5,5,6,5,0,0,0,0,0,0,4,4,65,12,3,11,5,4,83.3,0,0,0,0,0.0,0,0,0,0,0,0,0,0,0,0,0,0,1
13,55,80,29,7,6,6,6,6,6,7,7,7,9,0,0,0,80,0,50,96,70,6,0,5,5,0,6,7,5,0,0,1,7,6,7,0,0,0,0,0,0,0,0,5,72,14,1,2,8,7,100.0,0,0,0,0,0.0,0,0,0,0,0,0,0,0,0,0,0,0,1
130,55,70,31,6,5,7,7,6,0,5,5,5,7,80,80,40,67,57,40,58,42,8,7,3,0,5,7,5,5,0,0,4,8,5,6,4,0,0,0,0,0,0,0,0,66,13,1,1,8,6,100.0,0,0,0,0,0.0,0,0,0,0,0,0,0,0,0,0,0,0,1
110,56,80,28,3,5,3,5,6,5,5,5,5,7,0,0,0,80,2,0,100,90,6,5,0,7,0,3,0,0,0,0,0,0,0,0,0,0,0,0,0,0,0,5,5,0,6,4,6,5,2,58.3,0,0,0,0,0.0,0,0,0,0,0,0,0,0,0,0,0,0,1
118,56,90,0,4,5,4,4,4,6,4,4,5,7,0,40,80,90,30,70,0,0,2,2,4,3,5,5,3,3,4,4,5,7,6,6,4,7,0,0,0,0,0,0,0,55,12,3,2,6,6,83.3,0,0,0,0,0.0,0,0,0,0,0,0,0,0,0,0,0,0,1
198,56,80,33,5,4,4,4,3,5,6,3,5,8,60,40,20,66,24,30,0,0,5,7,5,6,5,3,5,4,5,0,4,6,5,6,5,0,0,0,0,0,0,0,0,65,11,1,4,8,6,100.0,0,0,0,0,0.0,0,0,0,0,0,0,0,0,0,0,0,0,1
136,54,70,0,7,7,6,6,6,7,8,8,8,8,100,100,40,30,0,30,0,0,7,0,6,7,0,5,6,5,9,0,7,5,7,5,6,0,0,0,0,0,0,0,0,70,15,7,2,6,7,60.0,0,0,0,0,0.0,0,0,0,0,0,0,0,0,0,0,0,0,1
53,56,70,34,7,6,6,6,6,6,6,6,6,7,0,0,0,78,0,0,88,80,7,0,4,5,0,5,0,0,6,0,0,0,0,0,0,0,0,0,0,0,0,5,5,0,6,2,2,6,6,83.3,0,0,0,0,0.0,0,0,0,0,0,0,0,0,0,0,0,0,1
123,56,80,37,7,7,6,7,6,7,7,7,7,8,0,0,0,70,0,0,80,66,0,0,0,0,0,6,0,7,0,0,0,0,6,0,0,0,0,0,0,0,0,4,4,0,7,1,2,8,6,100.0,0,0,0,0,0.0,0,0,0,0,0,0,0,0,0,0,0,0,1
49,56,80,33,8,7,6,7,7,8,8,7,5,8,80,100,60,80,40,70,0,0,9,0,7,5,7,8,0,7,6,0,7,5,5,5,7,0,0,0,0,0,0,0,0,81,13,1,1,8,8,100.0,0,0,0,0,0.0,0,0,0,0,0,0,0,0,0,0,0,0,1
92,55,70,32,6,5,4,6,5,6,6,4,6,7,0,0,0,48,0,0,88,66,7,0,0,6,0,4,0,0,7,0,0,0,0,0,0,0,0,0,0,0,0,0,0,0,7,1,1,8,7,100.0,0,0,0,0,0.0,0,0,0,0,0,0,0,0,0,0,0,0,1
22,54,80,25,8,6,8,7,6,6,6,7,6,8,100,100,60,90,20,30,0,0,6,6,6,5,5,4,4,5,7,0,8,5,8,6,8,0,0,0,0,0,0,0,0,63,12,4,3,7,6,75.0,0,0,0,0,0.0,0,0,0,0,0,0,0,0,0,0,0,0,1
52,56,70,35,0,5,6,5,4,5,5,5,5,7,0,0,0,50,70,100,0,0,5,5,0,0,3,5,0,0,0,0,0,0,0,0,0,0,0,0,0,0,0,0,0,0,15,5,3,6,6,73.3,0,0,0,0,0.0,0,0,0,0,0,0,0,0,0,0,0,0,1
56,55,70,32,0,6,3,5,5,6,6,6,5,7,0,0,0,66,60,90,0,0,5,4,0,0,5,5,0,0,0,0,0,0,0,0,0,0,0,0,0,0,0,3,3,0,15,2,1,7,7,93.3,0,0,0,0,0.0,0,0,0,0,0,0,0,0,0,0,0,0,1
20,56,90,27,5,4,5,5,7,4,5,4,6,8,0,0,0,70,70,60,100,0,7,5,5,5,6,7,0,0,0,0,7,6,5,6,0,0,0,0,0,0,0,0,0,54,13,7,5,6,6,53.8,0,0,0,0,0.0,0,0,0,0,0,0,0,0,0,0,0,0,1
58,56,70,38,0,6,2,4,3,6,6,5,6,8,0,0,0,50,46,100,0,0,3,3,0,0,6,4,0,0,0,0,0,0,0,0,0,0,0,0,0,0,0,0,0,0,15,1,2,7,7,100.0,0,0,0,0,0.0,0,0,0,0,0,0,0,0,0,0,0,0,1
100,55,70,32,8,7,7,7,8,0,8,8,8,7,100,80,100,68,76,80,0,0,8,8,7,0,0,8,8,7,0,0,0,0,6,6,0,0,0,0,0,0,0,0,6,73,13,5,10,6,4,69.2,0,0,0,0,0.0,0,0,0,0,0,0,0,0,0,0,0,0,1
100,56,90,31,6,6,5,6,4,6,6,6,7,8,0,0,0,0,0,0,64,63,6,0,0,0,0,3,0,4,6,0,0,0,0,0,0,0,0,0,0,0,0,0,0,0,7,2,2,6,6,85.7,0,0,0,0,0.0,0,0,0,0,0,0,0,0,0,0,0,0,1
201,54,80,26,6,6,6,6,5,7,6,7,7,6,0,100,40,80,15,30,0,0,8,7,3,5,6,4,5,6,0,7,6,6,6,6,6,6,0,0,0,0,0,0,0,61,13,7,7,5,5,53.8,0,0,0,0,0.0,0,0,0,0,0,0,0,0,0,0,0,0,1
206,56,80,29,6,4,5,5,7,5,6,6,6,7,80,80,20,70,42,40,0,0,8,0,0,0,5,7,5,5,0,5,0,6,5,6,5,6,60,7,0,0,0,0,0,64,14,3,3,7,7,85.7,0,0,0,0,0.0,0,0,0,0,0,0,0,0,0,0,0,0,1
30,56,70,33,6,5,4,5,6,5,6,6,5,7,0,0,0,90,62,60,100,0,7,0,5,0,0,4,0,0,5,0,2,7,5,5,0,0,0,0,0,0,0,0,0,68,14,2,6,7,5,89.3,0,0,0,0,0.0,0,0,0,0,0,0,0,0,0,0,0,0,1
289,56,80,34,5,4,4,4,6,5,7,7,7,7,0,60,60,60,44,80,0,0,4,7,0,3,5,5,4,5,6,7,5,7,5,7,6,0,0,5,0,0,2,0,0,64,14,3,2,7,7,85.7,0,0,0,0,0.0,0,0,0,0,0,0,0,0,0,0,0,0,1
82,56,90,0,6,6,0,7,6,5,6,8,6,9,0,0,0,80,0,0,98,84,7,7,5,0,0,7,0,0,0,0,0,0,6,0,0,0,0,0,0,0,0,0,0,0,16,1,1,7,6,100.0,0,0,0,0,0.0,0,0,0,0,0,0,0,0,0,0,0,0,1
102,56,60,38,5,6,4,5,6,5,7,6,6,6,0,0,0,0,0,0,38,77,6,0,0,0,0,6,0,5,5,0,0,0,0,0,0,0,0,0,0,0,0,0,0,0,7,1,3,7,6,100.0,0,0,0,0,0.0,0,0,0,0,0,0,0,0,0,0,0,0,1
84,53,60,0,7,6,6,7,6,6,6,6,6,6,0,0,0,70,0,0,76,52,5,0,5,0,0,6,0,0,6,0,0,0,0,0,0,0,0,0,0,0,0,0,0,0,16,8,9,5,5,56.3,0,0,0,0,0.0,0,0,0,0,0,0,0,0,0,0,0,0,1
32,55,60,35,4,7,4,6,3,7,6,5,5,7,0,0,0,60,42,70,80,0,6,0,3,0,0,3,0,0,6,0,4,6,5,5,0,0,0,0,0,0,0,0,0,72,14,3,2,7,7,89.3,0,0,0,0,0.0,0,0,0,0,0,0,0,0,0,0,0,0,1
27,53,60,0,4,7,7,7,7,6,8,8,9,7,40,80,7,37,50,7,0,0,5,3,0,6,6,2,7,5,6,5,3,9,6,0,4,3,40,6,4,0,0,0,0,75,12,1,8,8,5,100.0,0,0,0,0,0.0,0,0,0,0,0,0,0,0,0,0,0,0,1
94,54,60,33,5,6,3,5,4,0,5,6,5,5,40,60,40,41,40,20,76,44,5,4,2,6,5,3,7,4,0,0,8,7,5,5,4,0,0,0,0,0,0,0,0,64,11,2,1,7,7,90.9,0,0,0,0,0.0,0,0,0,0,0,0,0,0,0,0,0,0,1
240,54,80,23,7,6,8,7,6,7,7,7,6,5,100,80,60,60,34,60,0,0,6,6,0,0,6,2,5,5,5,5,7,5,7,7,7,0,0,0,0,0,0,0,0,69,16,1,7,7,5,100.0,0,0,0,0,0.0,0,0,0,0,0,0,0,0,0,0,0,0,1
18,56,90,32,7,6,6,7,7,0,7,6,6,7,0,0,0,80,49,60,80,0,6,6,5,5,6,6,6,4,0,0,5,4,6,6,0,0,0,0,0,0,0,0,4,71,10,2,6,6,5,90.0,0,0,0,0,0.0,0,0,0,0,0,0,0,0,0,0,0,0,1
53,55,70,30,4,0,4,4,6,5,7,5,7,7,100,100,80,32,72,50,78,24,6,5,4,0,5,7,4,0,0,0,4,6,5,6,4,0,0,0,0,0,0,0,0,0,12,10,8,4,5,25.0,0,0,0,0,0.0,0,0,0,0,0,0,0,0,0,0,0,0,1
44,54,60,32,7,7,8,7,7,7,7,7,7,9,0,0,0,5,0,0,80,20,0,8,0,0,0,8,0,0,6,0,0,0,7,0,0,0,0,0,0,0,0,0,0,0,16,8,15,5,4,56.3,0,0,0,0,0.0,0,0,0,0,0,0,0,0,0,0,0,0,1
231,56,90,27,6,6,6,6,5,5,7,7,7,6,0,100,80,70,70,50,0,0,6,0,0,5,6,6,7,7,5,0,7,6,6,5,6,0,0,0,0,0,5,0,0,63,13,6,12,6,4,61.5,0,0,0,0,0.0,0,0,0,0,0,0,0,0,0,0,0,0,1
81,56,70,33,6,6,5,6,6,6,7,6,6,6,0,0,0,79,0,0,80,40,4,0,4,0,0,0,0,4,0,0,0,0,0,0,0,0,0,0,0,0,0,0,0,0,5,2,2,4,5,80.0,0,0,0,0,0.0,0,0,0,0,0,0,0,0,0,0,0,0,1
14,56,90,31,7,7,5,6,7,0,7,7,7,7,80,40,100,78,54,80,0,50,7,7,3,0,5,6,5,0,0,0,0,5,6,7,5,0,0,0,0,0,0,0,0,78,13,1,4,8,6,100.0,0,0,0,0,0.0,0,0,0,0,0,0,0,0,0,0,0,0,1
67,55,80,27,9,7,7,7,7,7,9,8,8,8,8,10,8,5,4,4,0,0,4,7,3,5,4,7,5,6,8,0,7,9,5,5,5,0,0,0,0,0,0,0,0,74,13,2,6,7,5,92.3,0,0,0,0,0.0,0,0,0,0,0,0,0,0,0,0,0,0,1
143,56,90,0,6,5,6,6,7,5,5,6,6,6,0,0,0,90,0,0,100,90,6,0,7,0,0,6,0,0,0,0,0,0,5,0,0,0,0,0,0,0,0,0,0,0,8,6,5,4,5,37.5,0,0,0,0,0.0,0,0,0,0,0,0,0,0,0,0,0,0,1
36,56,70,34,7,6,7,7,7,7,7,7,7,8,100,60,60,60,55,60,80,60,8,7,4,7,6,6,4,5,6,0,4,6,6,5,6,0,0,0,0,0,0,0,0,72,15,4,4,7,6,80.0,0,0,0,0,0.0,0,0,0,0,0,0,0,0,0,0,0,0,1
39,54,80,25,4,3,3,3,5,5,5,5,5,5,0,0,0,88,22,80,100,0,5,0,3,0,0,6,0,0,5,0,6,6,5,5,0,0,0,0,0,0,0,0,0,58,14,1,1,7,7,100.0,0,0,0,0,0.0,0,0,0,0,0,0,0,0,0,0,0,0,1
54,56,80,34,5,5,5,5,4,6,6,6,6,4,0,0,0,50,22,90,56,0,7,0,6,0,0,4,5,0,0,0,3,0,5,5,0,0,0,0,0,0,0,0,0,70,15,1,2,8,7,100.0,0,0,0,0,0.0,0,0,0,0,0,0,0,0,0,0,0,0,1
82,54,70,26,5,4,6,5,5,4,4,5,5,8,0,0,0,75,0,0,76,76,3,0,0,0,0,4,0,5,5,0,0,0,0,0,0,0,0,0,0,0,0,0,0,0,7,4,1,4,6,57.1,0,0,0,0,0.0,0,0,0,0,0,0,0,0,0,0,0,0,1
92,55,70,33,6,6,5,6,5,6,6,5,6,7,80,80,40,45,43,60,0,0,4,0,7,7,6,7,7,6,5,0,5,3,3,4,6,0,0,0,0,0,0,0,0,69,15,1,4,8,7,100.0,0,0,0,0,0.0,0,0,0,0,0,0,0,0,0,0,0,0,1
17,55,70,32,7,6,6,6,6,6,7,6,7,7,0,40,20,24,28,40,0,0,7,6,6,6,5,6,6,5,0,5,5,6,8,7,6,6,0,0,0,0,0,0,0,71,13,3,5,6,6,84.6,0,0,0,0,0.0,0,0,0,0,0,0,0,0,0,0,0,0,1
154,54,80,0,6,5,5,6,7,6,7,4,7,7,100,100,60,100,50,30,0,0,8,8,4,5,6,4,6,5,6,0,5,4,6,4,5,0,0,0,0,0,0,0,0,63,15,8,11,6,5,53.3,0,0,0,0,0.0,0,0,0,0,0,0,0,0,0,0,0,0,1
83,0,0,0,5,5,5,5,3,8,7,6,5,8,0,0,0,53,0,0,64,52,3,0,0,0,0,2,0,4,4,0,0,0,0,0,0,0,0,0,0,0,0,0,0,0,7,2,2,7,5,92.9,0,0,0,0,0.0,0,0,0,0,0,0,0,0,0,0,0,0,1
25,56,80,33,7,6,6,6,6,6,6,6,6,8,100,100,100,22,35,70,86,10,6,5,5,4,6,2,6,6,6,0,4,7,6,7,6,0,0,0,0,0,0,0,0,65,14,5,11,6,4,71.4,0,0,0,0,0.0,0,0,0,0,0,0,0,0,0,0,0,0,1
167,54,70,28,5,5,4,4,4,4,5,5,7,9,100,0,60,75,52,50,0,0,7,6,4,3,4,0,5,5,4,0,5,7,3,7,3,0,0,0,0,0,0,0,0,66,15,1,3,7,6,100.0,0,0,0,0,0.0,0,0,0,0,0,0,0,0,0,0,0,0,1
115,54,70,26,7,6,5,6,5,6,7,7,6,7,100,60,20,60,30,50,0,0,6,8,4,3,7,6,2,7,7,0,4,8,6,8,4,0,0,0,0,0,0,0,0,64,15,6,5,6,6,66.7,0,0,0,0,0.0,0,0,0,0,0,0,0,0,0,0,0,0,1
50,56,70,35,5,5,5,5,4,6,5,5,6,7,0,0,0,80,0,60,90,30,6,7,0,4,0,4,0,0,6,0,4,0,5,0,0,0,0,0,0,0,0,0,0,0,10,1,3,8,6,100.0,0,0,0,0,0.0,0,0,0,0,0,0,0,0,0,0,0,0,1
40,55,80,28,7,6,0,0,0,0,6,0,0,0,80,60,40,80,32,60,0,0,6,0,0,6,7,4,6,5,0,7,4,6,5,0,6,0,52,6,0,0,5,0,0,65,14,4,6,7,6,78.6,0,0,0,0,0.0,0,0,0,0,0,0,0,0,0,0,0,0,1
337,55,80,28,6,5,6,6,7,7,6,7,6,6,0,0,0,88,30,50,0,0,6,7,0,0,8,8,4,0,7,0,0,0,4,5,0,0,0,0,0,0,5,0,0,62,10,4,7,6,5,75.0,0,0,0,0,0.0,0,0,0,0,0,0,0,0,0,0,0,0,1
199,56,80,30,6,6,5,6,7,5,6,6,6,8,100,100,60,90,51,90,0,0,6,0,6,6,5,4,5,6,5,0,6,4,5,5,4,0,0,0,0,0,0,0,0,68,11,2,1,7,8,90.9,0,0,0,0,0.0,0,0,0,0,0,0,0,0,0,0,0,0,1
139,56,90,29,7,7,5,6,6,5,6,6,8,0,100,40,40,60,65,60,0,0,8,0,0,5,4,4,6,4,6,7,0,6,4,8,0,7,0,7,0,0,8,0,0,71,15,3,4,7,6,86.7,0,0,0,0,0.0,0,0,0,0,0,0,0,0,0,0,0,0,1
30,55,70,29,6,7,4,6,4,6,5,7,7,6,0,0,0,60,0,50,78,58,6,4,4,0,4,6,0,0,4,0,4,0,4,0,0,0,0,0,0,0,0,4,3,0,6,2,4,5,4,83.3,0,0,0,0,0.0,0,0,0,0,0,0,0,0,0,0,0,0,1
23,54,70,27,7,5,8,7,6,5,7,7,8,7,40,60,20,0,15,20,0,0,7,6,5,4,6,3,4,5,5,4,5,4,5,6,5,8,0,0,0,0,0,0,0,64,13,6,9,6,4,69.2,0,0,0,0,0.0,0,0,0,0,0,0,0,0,0,0,0,0,1
134,56,80,35,5,6,4,5,5,6,5,5,7,9,0,0,0,6,0,3,5,1,3,4,4,0,5,6,0,0,6,0,4,0,5,0,0,0,0,0,0,0,0,0,0,0,8,2,1,8,7,87.5,0,0,0,0,0.0,0,0,0,0,0,0,0,0,0,0,0,0,1
188,56,90,32,6,3,3,3,6,6,7,6,6,8,100,20,20,78,52,60,0,0,8,9,7,4,7,6,5,6,4,0,6,6,8,8,4,0,0,0,0,0,0,0,0,63,14,5,12,6,4,71.4,0,0,0,0,0.0,0,0,0,0,0,0,0,0,0,0,0,0,1
76,56,80,37,7,6,7,7,6,6,7,7,8,5,100,20,20,80,6,30,0,0,8,7,6,5,3,6,8,6,6,0,6,7,5,5,6,0,0,0,0,0,0,0,0,77,13,1,1,8,7,100.0,0,0,0,0,0.0,0,0,0,0,0,0,0,0,0,0,0,0,1
16,56,90,33,6,6,5,5,4,6,5,5,4,8,0,0,0,69,54,100,100,0,7,7,3,0,0,5,3,6,6,0,6,5,6,6,0,0,0,0,0,0,0,0,0,66,11,3,1,6,7,81.8,0,0,0,0,0.0,0,0,0,0,0,0,0,0,0,0,0,1,1
141,56,90,29,7,6,6,7,6,6,6,5,6,8,100,80,20,65,22,10,0,0,7,5,5,4,5,7,6,7,5,7,6,5,6,6,6,6,0,0,0,0,0,0,0,71,10,1,2,7,6,100.0,0,0,0,0,0.0,0,0,0,0,0,0,0,0,0,0,0,0,1
101,56,90,0,7,6,7,6,7,8,7,7,7,8,60,60,20,53,34,70,0,0,6,0,0,0,6,6,6,5,6,5,0,5,5,5,0,5,0,0,0,0,0,0,0,58,10,8,10,3,3,30.0,0,0,0,0,0.0,0,0,0,0,0,0,0,0,0,0,0,0,1
69,56,80,31,5,5,7,6,8,4,2,5,4,5,0,80,60,60,50,50,0,0,8,2,0,4,4,3,3,6,7,5,5,5,6,6,5,5,0,4,0,0,5,0,0,56,14,5,10,6,4,71.4,0,0,0,0,0.0,0,0,0,0,0,0,0,0,0,0,0,0,1
137,55,70,0,6,6,6,6,6,8,5,6,7,7,100,80,40,45,0,50,0,0,5,0,4,8,0,6,6,5,8,0,8,7,8,5,8,0,0,0,0,0,0,5,5,66,15,1,8,7,5,100.0,0,0,0,0,0.0,0,0,0,0,0,0,0,0,0,0,0,0,1
16,56,70,36,6,6,5,4,5,7,5,5,4,7,0,0,0,69,0,0,78,46,7,8,2,0,6,3,0,6,0,0,0,0,0,0,0,0,0,0,0,0,0,0,0,63,13,6,12,5,3,61.5,0,0,0,0,0.0,0,0,0,0,0,0,0,0,0,0,0,0,1
36,56,80,30,9,6,8,8,8,8,8,8,8,9,0,80,60,60,48,60,0,0,8,0,0,7,8,8,7,7,8,0,7,6,7,5,8,0,0,0,0,0,6,0,0,76,13,1,7,7,5,100.0,0,0,0,0,0.0,0,0,0,0,0,0,0,0,0,0,0,0,1
41,54,70,0,6,5,3,4,5,5,4,4,5,7,0,0,0,70,38,90,56,0,5,6,4,0,0,4,0,0,5,0,6,5,5,5,0,0,0,0,0,0,0,6,5,56,10,4,10,5,4,70.0,0,0,0,0,0.0,0,0,0,0,0,0,0,0,0,0,0,0,1
130,54,80,0,6,6,5,6,6,7,6,6,7,7,80,80,20,60,35,40,0,0,6,6,6,5,6,7,6,5,6,0,6,5,6,7,6,0,0,0,0,0,0,5,5,57,11,8,11,4,3,36.4,0,0,0,0,0.0,0,0,0,0,0,0,0,0,0,0,0,0,1
77,55,70,33,4,7,5,7,5,0,7,6,7,8,100,20,0,57,46,40,0,0,6,0,4,5,6,6,6,0,0,0,6,7,6,6,4,0,0,0,0,0,0,0,0,67,9,3,6,6,4,72.2,0,0,0,0,0.0,0,0,0,0,0,0,0,0,0,0,0,0,1
46,55,60,35,7,5,8,7,4,5,6,6,6,7,100,80,60,43,44,60,0,0,6,4,1,4,5,2,6,4,6,0,6,5,6,4,4,0,0,0,0,0,0,0,0,62,14,6,2,6,7,64.3,0,0,0,0,0.0,0,0,0,0,0,0,0,0,0,0,0,0,1
78,56,80,34,7,0,7,7,7,0,7,6,7,7,100,100,20,69,50,90,0,0,9,9,5,0,7,8,7,7,0,0,0,0,8,8,0,0,0,0,0,0,0,0,5,0,13,1,1,8,7,100.0,0,0,0,0,0.0,0,0,0,0,0,0,0,0,0,0,0,0,1
11,56,90,0,6,0,5,6,6,0,7,7,7,7,100,40,20,54,58,40,0,0,7,8,5,0,0,6,5,7,0,0,0,0,5,7,0,0,0,0,0,0,0,0,6,0,14,6,10,6,4,64.3,0,0,0,0,0.0,0,0,0,0,0,0,0,0,0,0,0,0,1
55,56,80,39,5,0,5,5,5,5,5,6,5,5,80,80,60,85,70,70,80,10,6,5,4,0,6,2,3,0,0,0,4,5,5,5,3,0,0,0,0,0,0,0,0,0,12,2,3,7,5,91.7,0,0,0,0,0.0,0,0,0,0,0,0,0,0,0,0,0,0,1
81,56,80,32,6,5,7,6,5,5,6,6,6,6,0,0,0,70,14,30,76,0,6,0,4,0,0,5,0,5,0,0,7,6,6,6,0,0,0,0,0,0,0,0,0,68,13,1,3,7,6,100.0,0,0,0,0,0.0,0,0,0,0,0,0,0,0,0,0,0,0,1
183,56,90,34,5,6,3,5,6,6,4,3,7,9,0,80,40,65,50,80,0,0,6,4,5,4,6,6,4,5,5,5,4,4,6,6,5,4,0,0,0,0,0,0,0,67,10,1,3,8,6,100.0,0,0,0,0,0.0,0,0,0,0,0,0,0,0,0,0,0,0,1
52,56,90,28,6,6,6,6,7,4,6,5,6,8,0,0,0,100,0,0,100,72,8,7,4,0,6,3,0,2,3,0,0,0,0,0,0,0,0,0,0,0,0,4,4,60,12,9,10,5,4,41.7,0,0,0,0,0.0,0,0,0,0,0,0,0,0,0,0,0,0,1
38,56,90,34,6,7,4,6,6,7,6,6,6,7,80,80,20,68,18,80,0,0,5,6,5,3,6,5,5,3,5,0,6,7,5,7,5,0,0,0,0,0,0,0,0,73,15,1,5,7,5,100.0,0,0,0,0,0.0,0,0,0,0,0,0,0,0,0,0,0,0,1
100,54,60,33,6,7,5,7,4,3,7,6,7,6,80,40,40,68,32,20,0,0,6,0,4,5,3,4,5,0,0,0,4,5,5,5,6,0,0,0,0,0,0,0,0,73,12,2,4,7,6,91.7,0,0,0,0,0.0,0,0,0,0,0,0,0,0,0,0,0,0,1
170,55,70,32,7,6,5,7,5,8,8,6,7,5,80,0,40,44,56,60,0,0,6,5,6,4,4,0,5,8,9,0,4,8,8,8,4,0,0,0,0,0,0,0,0,70,15,5,1,6,7,73.3,0,0,0,0,0.0,0,0,0,0,0,0,0,0,0,0,0,0,1
114,54,70,25,7,6,6,6,8,7,6,7,8,7,100,100,40,77,44,40,0,0,6,0,5,5,6,7,3,6,5,9,7,6,5,0,6,7,0,0,0,0,0,0,0,66,14,2,1,8,7,92.9,0,0,0,0,0.0,0,0,0,0,0,0,0,0,0,0,0,0,1
20,56,90,31,5,7,6,6,8,7,4,5,6,4,80,60,40,50,11,80,0,0,6,0,0,0,6,8,4,8,7,7,0,4,5,6,0,5,0,0,0,0,0,0,0,67,14,2,3,7,6,92.9,0,0,0,0,0.0,0,0,0,0,0,0,0,0,0,0,0,0,1
123,56,90,0,7,7,6,6,6,7,6,7,7,8,100,40,20,90,50,50,0,0,6,0,5,4,5,7,4,5,4,0,6,4,6,6,6,0,0,0,0,0,0,0,0,57,11,9,8,4,5,27.3,0,0,0,0,0.0,0,0,0,0,0,0,0,0,0,0,0,0,1
119,56,70,36,5,7,6,6,5,6,6,0,0,0,0,100,40,70,0,30,0,0,5,8,0,5,5,2,4,4,5,0,5,0,7,6,5,0,0,0,0,0,0,0,0,73,14,1,3,7,6,100.0,0,0,0,0,0.0,0,0,0,0,0,0,0,0,0,0,0,0,1
62,54,80,0,8,8,8,8,7,7,7,8,8,8,80,40,40,54,18,30,0,0,0,8,7,6,7,6,8,7,6,0,8,8,6,5,6,0,0,0,0,0,0,0,0,0,12,1,3,8,6,95.8,0,0,0,0,0.0,0,0,0,0,0,0,0,0,0,0,0,0,1
83,55,80,30,5,4,6,4,4,4,4,5,5,7,60,0,60,22,22,20,0,0,6,0,0,4,4,3,5,3,4,4,5,6,5,5,3,0,0,6,3,0,0,0,0,50,13,8,3,5,6,46.2,0,0,0,0,0.0,0,0,0,0,0,0,0,0,0,0,0,0,1
231,56,80,35,7,6,8,8,5,6,3,7,5,7,0,80,40,43,46,20,0,30,5,8,0,0,5,6,5,0,6,4,0,5,7,0,4,0,0,0,0,0,6,0,0,59,13,4,8,7,5,76.9,0,0,0,0,0.0,0,0,0,0,0,0,0,0,0,0,0,0,1
16,54,80,23,5,3,5,4,7,6,6,6,5,7,0,100,60,90,30,70,0,60,5,4,6,4,5,4,0,0,6,6,0,0,0,0,0,0,0,0,0,0,0,0,0,56,11,3,3,6,6,81.8,0,0,0,0,0.0,0,0,0,0,0,0,0,0,0,0,0,0,1
76,56,90,29,7,6,5,6,6,6,6,6,7,7,0,0,0,70,76,40,70,0,8,6,3,0,0,6,0,0,0,0,7,6,6,6,0,0,0,0,0,0,0,0,5,62,13,7,5,6,6,53.8,0,0,0,0,0.0,0,0,0,0,0,0,0,0,0,0,0,0,1
11,0,0,0,9,6,8,8,8,8,8,8,8,9,0,0,0,80,49,70,90,0,3,6,5,7,0,9,0,0,8,0,7,8,8,9,0,0,0,0,0,0,0,0,4,70,8,1,2,8,6,93.8,0,0,0,0,0.0,0,0,0,0,0,0,0,0,0,0,0,0,1
113,56,80,37,3,3,3,3,4,4,3,4,4,6,0,0,0,53,0,70,88,78,3,5,4,0,3,3,0,3,3,0,2,0,5,0,0,0,0,0,0,0,0,0,0,0,10,3,7,6,4,80.0,0,0,0,0,0.0,0,0,0,0,0,0,0,0,0,0,0,0,1
162,55,70,30,6,5,3,6,5,6,6,5,6,5,0,100,40,90,60,50,0,0,7,8,6,0,8,3,7,6,0,4,0,5,5,0,6,0,0,7,0,0,5,0,0,69,16,1,1,9,8,100.0,0,0,0,0,0.0,0,0,0,0,0,0,0,0,0,0,0,0,1
23,54,70,26,5,4,7,6,4,5,6,6,7,8,80,60,80,58,34,30,0,0,6,4,3,0,5,4,4,0,5,0,7,8,5,6,5,0,0,4,0,0,8,0,0,64,14,1,1,8,7,100.0,0,0,0,0,0.0,0,0,0,0,0,0,0,0,0,0,0,1,1
62,56,80,38,4,4,5,5,4,4,5,5,4,8,0,0,0,75,0,20,90,74,5,3,4,0,3,3,0,3,5,0,4,0,5,0,0,0,0,0,0,0,0,5,5,0,10,2,1,8,7,90.0,0,0,0,0,0.0,0,0,0,0,0,0,0,0,0,0,0,0,1
155,55,70,31,6,4,6,5,5,4,5,5,6,6,100,60,80,80,30,70,0,0,6,6,5,5,0,5,4,5,4,0,5,5,5,5,5,0,0,0,0,0,0,0,0,64,15,1,3,8,7,100.0,0,0,0,0,0.0,0,0,0,0,0,0,0,0,0,0,0,0,1
55,56,70,34,5,5,4,5,5,5,5,6,6,7,0,0,0,70,0,60,90,70,6,8,0,5,0,5,0,0,5,0,4,0,5,0,0,0,0,0,0,0,0,0,0,0,10,5,6,5,5,60.0,0,0,0,0,0.0,0,0,0,0,0,0,0,0,0,0,0,0,1
74,56,80,0,7,8,7,7,7,6,7,7,6,9,0,0,0,7,0,6,9,7,8,7,6,0,6,6,0,0,6,0,6,0,6,0,0,0,0,0,0,0,0,5,5,0,8,3,3,6,5,75.0,0,0,0,0,0.0,0,0,0,0,0,0,0,0,0,0,0,0,1
97,56,80,31,8,7,7,7,8,7,8,6,7,8,0,80,100,79,64,30,0,0,7,7,4,4,6,4,6,7,0,6,6,4,7,7,7,4,0,0,0,0,0,0,0,72,14,5,8,6,5,71.4,0,0,0,0,0.0,0,0,0,0,0,0,0,0,0,0,0,0,1
45,56,90,30,8,7,7,8,6,5,8,7,8,9,100,0,60,80,54,80,0,0,7,9,7,6,7,4,7,5,4,0,7,7,8,8,6,0,0,0,0,0,0,0,0,74,15,4,7,7,5,80.0,0,0,0,0,0.0,0,0,0,0,0,0,0,0,0,0,0,0,1
26,56,80,37,7,6,5,6,6,6,6,6,7,8,100,0,60,52,36,50,56,50,7,7,5,7,5,6,0,0,0,0,0,0,0,0,0,0,0,0,0,0,0,0,0,72,11,2,4,7,6,90.9,0,0,0,0,0.0,0,0,0,0,0,0,0,0,0,0,0,0,1
287,54,70,27,6,5,3,4,8,5,5,4,5,8,80,60,60,58,42,60,0,0,7,0,6,0,0,8,3,4,3,6,0,5,6,5,5,3,44,0,0,0,6,0,0,60,16,5,9,6,5,75.0,0,0,0,0,0.0,0,0,0,0,0,0,0,0,0,0,0,0,1
209,56,80,33,8,7,8,8,8,7,7,7,7,8,100,80,60,49,16,20,0,34,7,9,5,5,6,8,7,7,5,0,3,7,5,5,4,0,0,0,0,0,0,0,0,74,11,2,7,7,5,86.4,0,0,0,0,0.0,0,0,0,0,0,0,0,0,0,0,0,0,1
47,56,80,31,6,6,7,7,5,5,6,5,6,7,80,20,60,47,20,60,0,0,6,5,4,5,3,5,5,5,0,5,6,4,5,5,5,5,0,0,0,0,0,0,0,65,15,5,4,6,6,73.3,0,0,0,0,0.0,0,0,0,0,0,0,0,0,0,0,0,0,1
23,56,90,27,6,6,4,5,8,6,5,5,5,9,0,60,80,100,58,90,0,0,7,8,0,0,6,7,6,0,5,4,5,6,6,0,0,0,0,0,0,0,7,0,0,67,15,1,8,8,5,100.0,0,0,0,0,0.0,0,0,0,0,0,0,0,0,0,0,0,0,1
26,55,90,23,6,4,8,7,6,7,6,6,6,7,100,40,40,55,44,20,0,0,7,5,4,6,7,6,0,7,5,0,5,6,5,6,4,0,0,0,0,0,0,0,0,64,14,1,1,8,7,100.0,0,0,0,0,0.0,0,0,0,0,0,0,0,0,0,0,0,0,1
80,55,70,0,8,0,7,7,7,0,7,7,8,8,80,100,40,90,52,50,0,0,7,6,5,0,6,5,5,3,0,0,0,0,8,8,0,0,0,0,0,0,0,0,6,0,13,4,5,6,5,76.9,0,0,0,0,0.0,0,0,0,0,0,0,0,0,0,0,0,0,1
47,52,60,0,7,7,7,7,4,8,7,6,7,8,0,0,0,69,0,70,90,36,3,4,0,0,0,3,6,5,5,0,7,5,5,5,0,0,0,0,0,0,0,0,5,62,11,6,11,5,3,54.5,0,0,0,0,0.0,0,0,0,0,0,0,0,0,0,0,0,1,1
189,55,70,32,7,7,7,7,5,7,7,7,7,8,0,60,20,36,21,10,0,0,7,0,5,3,7,4,0,5,6,6,5,8,8,6,5,8,0,0,0,0,0,0,0,76,10,1,1,8,7,100.0,0,0,0,0,0.0,0,0,0,0,0,0,0,0,0,0,0,0,1
303,55,80,26,6,5,6,6,6,6,7,8,6,7,0,0,0,80,48,60,0,0,7,0,0,0,8,7,0,0,5,0,0,0,0,0,0,0,0,7,0,0,8,0,0,63,12,5,8,6,5,66.7,0,0,0,0,0.0,0,0,0,0,0,0,0,0,0,0,0,0,1
290,0,0,0,8,6,5,8,6,6,9,8,7,8,0,0,60,63,0,50,0,40,4,6,0,0,6,5,0,0,6,4,0,7,0,0,0,0,0,3,0,0,7,0,0,73,14,2,2,7,6,92.9,0,0,0,0,0.0,0,0,0,0,0,0,0,0,0,0,0,0,1
152,55,70,31,8,7,7,7,7,7,7,7,6,9,20,40,20,77,32,70,0,0,7,0,5,5,7,8,7,7,5,0,4,7,6,7,5,0,0,0,0,0,0,0,0,73,13,3,10,7,4,84.6,0,0,0,0,0.0,0,0,0,0,0,0,0,0,0,0,0,0,1
2,55,80,30,5,6,6,5,5,6,4,5,6,8,0,0,0,69,0,60,90,40,6,5,2,0,0,6,0,4,6,0,4,4,5,5,0,0,0,0,0,0,0,0,3,56,9,5,8,5,4,55.6,0,0,0,0,0.0,0,0,0,0,0,0,0,0,0,0,0,1,1
93,0,0,0,7,7,7,7,5,7,6,7,8,7,0,0,0,69,22,40,88,0,7,4,5,5,0,1,0,0,6,0,7,6,6,5,0,0,0,0,0,0,0,0,5,73,12,1,1,7,7,100.0,0,0,0,0,0.0,0,0,0,0,0,0,0,0,0,0,0,0,1
39,56,90,36,6,6,5,5,7,5,4,6,5,7,0,0,0,90,0,80,70,66,7,7,4,0,0,4,3,5,5,0,5,6,5,5,0,0,0,0,0,0,0,0,4,60,11,6,3,4,6,54.5,0,0,0,0,0.0,0,0,0,0,0,0,0,0,0,0,0,1,1
64,56,80,33,8,6,8,8,8,7,6,7,7,5,100,100,60,67,20,30,0,0,8,7,4,3,8,9,8,8,6,0,4,6,7,6,6,0,0,0,0,0,0,0,0,62,13,8,13,5,4,46.2,0,0,0,0,0.0,0,0,0,0,0,0,0,0,0,0,0,0,1
169,56,80,30,7,6,7,7,7,6,7,7,7,8,80,80,40,65,54,20,28,0,8,7,6,8,5,7,8,8,5,7,7,5,7,5,7,6,0,0,0,0,0,0,0,74,14,1,8,8,5,100.0,0,0,0,0,0.0,0,0,0,0,0,0,0,0,0,0,0,0,1
124,56,80,34,8,7,7,7,7,6,7,7,7,8,0,0,40,45,0,30,0,62,7,7,0,0,6,6,5,0,6,5,0,6,6,0,7,0,0,0,0,0,3,0,0,73,14,4,7,7,6,78.6,0,0,0,0,0.0,0,0,0,0,0,0,0,0,0,0,0,0,1
23,55,70,30,7,5,8,8,5,6,8,8,8,7,80,60,60,56,24,30,0,0,3,6,6,5,5,4,3,4,8,0,7,8,6,9,6,0,0,0,0,0,0,5,4,69,14,1,3,9,7,100.0,0,0,0,0,0.0,0,0,0,0,0,0,0,0,0,0,0,0,1
51,56,70,35,6,6,6,6,6,6,7,7,6,6,0,0,0,30,24,20,0,0,7,8,0,5,6,5,0,5,5,4,4,6,6,7,7,6,0,7,0,0,6,0,0,71,14,4,5,7,6,78.6,0,0,0,0,0.0,0,0,0,0,0,0,0,0,0,0,0,0,1
44,56,90,32,5,3,5,4,7,5,5,5,6,8,0,0,0,65,0,90,98,62,6,6,4,0,0,5,4,3,5,0,4,6,5,5,0,0,0,0,0,0,0,0,5,60,11,2,8,8,5,90.9,0,0,0,0,0.0,0,0,0,0,0,0,0,0,0,0,0,1,1
131,56,70,33,5,4,5,4,5,5,4,4,4,9,60,60,100,0,0,10,52,30,7,4,4,4,5,4,7,0,4,0,3,8,4,4,6,0,0,0,0,0,0,0,0,58,14,5,9,6,5,71.4,0,0,0,0,0.0,0,0,0,0,0,0,0,0,0,0,0,0,1
85,56,90,29,7,6,6,8,8,6,7,8,8,4,80,20,80,89,15,30,0,0,7,7,0,0,5,7,5,4,8,8,0,8,8,7,5,8,60,7,0,0,6,0,0,69,11,3,1,6,7,81.8,0,0,0,0,0.0,0,0,0,0,0,0,0,0,0,0,0,0,1
300,54,70,31,5,4,7,5,4,5,5,6,6,8,0,0,0,77,50,30,0,0,3,7,0,0,6,6,0,0,5,0,0,0,0,0,0,0,0,6,0,0,8,0,0,59,12,2,5,7,6,91.7,0,0,0,0,0.0,0,0,0,0,0,0,0,0,0,0,0,0,1
82,56,80,35,7,8,7,8,6,6,8,7,7,7,60,20,60,54,26,30,56,0,8,0,0,0,8,6,7,8,5,3,0,5,5,5,0,5,48,8,0,0,8,0,0,83,14,1,3,7,6,100.0,0,0,0,0,0.0,0,0,0,0,0,0,0,0,0,0,0,0,1
104,0,0,0,6,7,6,6,5,6,7,6,6,7,0,0,0,70,40,70,100,0,7,6,5,7,0,4,0,0,5,0,6,6,5,5,0,0,0,0,0,0,0,0,0,74,12,2,4,6,5,91.7,0,0,0,0,0.0,0,0,0,0,0,0,0,0,0,0,0,0,1
521,55,70,32,6,6,3,7,5,6,6,4,6,6,80,40,20,56,31,0,0,0,6,5,0,0,5,5,0,0,5,6,0,0,0,0,0,0,0,0,0,0,8,0,0,68,13,3,8,6,5,84.6,0,0,0,0,0.0,0,0,0,0,0,0,0,0,0,0,0,0,1
140,56,90,33,6,7,5,6,6,6,7,7,6,7,100,80,20,58,53,50,0,0,6,7,4,5,4,6,6,5,5,8,6,6,6,7,5,7,0,0,0,0,0,0,0,63,10,7,8,4,4,40.0,0,0,0,0,0.0,0,0,0,0,0,0,0,0,0,0,0,0,1
306,56,80,34,8,6,6,6,6,8,8,7,7,9,0,0,0,98,36,70,0,0,8,8,0,0,8,7,0,0,6,0,0,0,0,0,0,0,56,7,0,0,7,0,0,70,12,6,4,6,6,58.3,0,0,0,0,0.0,0,0,0,0,0,0,0,0,0,0,0,0,1
10,56,90,30,7,8,7,7,7,6,7,8,7,7,0,80,60,60,50,50,0,60,7,6,5,7,8,7,0,0,5,7,0,0,0,0,0,0,0,0,0,0,0,0,0,78,11,1,1,8,7,100.0,0,0,0,0,0.0,0,0,0,0,0,0,0,0,0,0,0,0,1
81,55,80,0,8,7,7,7,6,7,6,8,7,8,0,40,40,70,54,60,0,0,4,0,0,5,6,5,7,4,6,6,6,6,6,6,5,7,0,4,0,0,5,0,0,57,14,10,3,5,6,35.7,0,0,0,0,0.0,0,0,0,0,0,0,0,0,0,0,0,0,1
132,55,70,29,3,3,4,3,5,4,6,2,3,0,100,80,40,84,32,50,0,0,3,7,4,0,6,5,6,4,7,4,5,5,7,7,8,7,0,4,4,4,4,0,6,50,13,7,5,6,5,53.8,0,6,0,0,6.0,8,7,7,7,1,0,39,8,9,9,1,0,1
528,56,90,28,7,7,4,6,6,7,7,7,6,6,60,40,0,76,32,0,0,0,6,7,0,0,7,7,0,0,5,2,0,0,0,0,0,0,0,0,0,0,2,0,0,66,13,6,4,5,6,61.5,0,0,0,0,0.0,0,0,0,0,0,0,0,0,0,0,0,0,1
205,54,70,28,7,5,0,6,5,5,6,6,6,7,100,20,40,56,38,60,0,0,6,3,0,0,4,4,4,5,0,5,0,4,5,5,0,0,36,4,7,2,5,0,0,58,13,6,6,5,5,57.7,4,5,4,0,0.0,5,6,6,6,1,0,6,6,5,2,0,0,1
280,55,90,25,2,5,5,6,5,5,4,5,7,5,40,20,1,34,50,5,0,0,5,5,0,3,6,7,5,5,2,2,8,8,4,0,8,8,68,4,4,0,0,0,0,58,12,2,7,7,5,91.7,0,0,0,0,0.0,0,0,0,0,0,0,0,0,0,0,0,0,1
281,56,90,32,6,6,7,7,3,5,5,5,6,7,100,80,40,47,18,30,0,0,6,2,0,0,4,2,6,3,5,0,0,7,5,1,5,0,48,5,0,0,5,0,0,67,12,2,1,7,7,91.7,0,0,0,0,0.0,0,0,0,0,0,0,0,0,0,0,0,0,1
69,55,70,28,6,6,7,6,7,6,6,7,6,8,60,40,60,20,3,50,0,0,8,4,0,5,7,6,7,8,6,4,0,3,5,5,0,6,52,4,0,0,6,0,0,70,14,2,2,7,7,92.9,0,0,0,0,0.0,0,0,0,0,0,0,0,0,0,0,0,0,1
208,55,80,31,6,6,6,6,6,4,7,7,6,8,100,80,60,58,30,60,0,0,6,0,0,0,5,6,5,5,0,5,0,6,5,6,5,4,55,6,0,0,0,0,0,71,14,2,2,7,7,92.9,0,0,0,0,0.0,0,0,0,0,0,0,0,0,0,0,0,0,1
99,54,90,18,5,4,5,5,6,5,4,6,4,6,80,100,80,40,35,20,0,0,6,6,8,0,5,3,5,0,4,0,5,6,5,6,5,0,0,5,0,0,4,0,0,49,14,6,10,6,5,64.3,0,0,0,0,0.0,0,0,0,0,0,0,0,0,0,0,0,1,1
88,56,90,28,6,4,6,6,7,4,7,6,7,4,100,20,80,56,30,30,34,0,8,0,0,5,6,7,6,5,4,7,0,4,5,5,0,2,64,8,0,0,4,0,0,66,14,4,2,7,7,85.7,0,0,0,0,0.0,0,0,0,0,0,0,0,0,0,0,0,0,1
169,56,80,30,6,6,3,6,6,6,7,6,7,0,80,60,60,55,18,50,82,32,3,5,0,0,7,6,2,5,5,1,5,2,5,5,5,6,0,0,0,0,0,0,0,59,16,9,5,5,6,50.0,0,0,0,0,0.0,5,5,5,5,2,0,54,5,5,5,2,0,1
101,55,80,26,0,6,6,0,8,0,5,6,7,0,60,20,60,68,30,60,0,0,5,0,0,0,6,6,4,3,0,5,9,4,0,0,0,5,80,3,3,0,4,0,0,62,14,3,1,7,7,85.7,0,0,0,0,0.0,7,6,6,6,1,0,31,9,8,8,1,0,1
196,53,60,0,6,8,6,6,7,8,6,6,7,0,100,100,20,69,20,30,0,0,3,6,0,8,6,4,4,4,0,6,0,4,4,1,5,0,60,0,3,3,3,0,5,68,12,3,5,7,6,83.3,0,5,0,0,0.0,3,1,1,3,2,0,2,5,0,2,0,0,1
33,56,70,36,6,4,5,5,6,4,6,7,7,6,100,60,40,63,40,50,0,0,5,0,3,0,5,6,6,6,0,0,0,8,5,7,0,7,0,0,0,0,0,0,0,62,12,4,5,7,5,75.0,0,0,0,0,0.0,0,0,0,0,0,0,0,0,0,0,0,0,1
31,56,80,32,7,6,8,7,6,6,8,7,7,7,60,40,40,60,49,40,0,0,6,8,5,0,5,4,6,4,0,0,0,6,5,5,0,4,0,0,0,0,0,0,0,72,12,3,1,7,8,83.3,0,0,0,0,0.0,0,0,0,0,0,0,0,0,0,0,0,0,1
119,53,60,25,9,4,6,5,4,5,5,5,4,4,0,0,0,100,0,0,90,65,5,6,0,0,0,3,0,0,0,0,0,0,0,4,0,0,0,0,0,0,0,0,0,58,16,1,1,8,7,100.0,0,0,0,0,0.0,0,0,0,0,0,0,0,0,0,0,0,0,1
50,55,70,31,8,8,8,8,8,8,8,7,7,9,80,80,100,65,60,30,0,0,8,0,6,5,7,7,0,7,7,0,5,6,5,7,7,0,0,0,0,0,0,0,0,80,13,2,2,8,7,92.3,0,0,0,0,0.0,0,0,0,0,0,0,0,0,0,0,0,0,1
57,55,80,0,6,6,8,7,5,7,6,7,7,7,80,100,20,90,60,20,55,70,7,8,2,0,6,6,8,0,0,0,5,2,5,5,4,0,0,0,0,0,0,0,0,63,12,6,2,5,6,58.3,0,0,0,0,0.0,0,0,0,0,0,0,0,0,0,0,0,0,1
39,55,70,0,6,6,7,6,6,7,6,6,7,8,0,100,60,70,60,30,0,0,7,0,0,5,6,3,5,4,5,0,4,5,5,5,5,0,0,0,0,0,8,0,0,68,13,3,5,6,5,84.6,0,0,0,0,0.0,0,0,0,0,0,0,0,0,0,0,0,0,1
96,56,90,24,6,6,6,6,6,6,6,7,7,6,0,0,0,70,57,80,80,0,6,4,6,0,0,8,0,0,0,0,0,7,5,5,0,0,0,0,0,0,0,0,0,66,14,2,1,8,8,92.9,0,0,0,0,0.0,0,0,0,0,0,0,0,0,0,0,0,0,1
16,54,80,25,6,6,6,6,5,0,6,6,6,6,100,80,40,60,4,20,0,50,7,6,3,0,4,6,6,0,0,0,0,5,6,7,6,0,0,0,0,0,0,0,0,66,13,2,3,7,6,92.3,0,0,0,0,0.0,0,0,0,0,0,0,0,0,0,0,0,0,1
155,56,90,32,7,7,6,7,7,0,7,7,7,7,100,0,60,85,62,80,0,0,5,7,7,6,5,8,6,0,0,0,6,4,5,6,7,0,0,0,0,0,0,0,0,78,13,2,5,8,6,92.3,0,0,0,0,0.0,0,0,0,0,0,0,0,0,0,0,0,0,1
73,56,70,34,7,7,6,7,7,6,6,6,5,8,0,0,0,80,0,0,98,80,6,8,5,0,0,5,0,0,6,0,0,0,0,0,0,0,0,0,0,0,0,0,0,0,8,2,1,7,6,87.5,0,0,0,0,0.0,0,0,0,0,0,0,0,0,0,0,0,0,1
33,53,60,28,6,6,6,6,6,0,5,5,6,5,0,0,0,80,30,70,78,0,7,6,5,5,5,5,0,5,0,0,5,6,5,5,0,0,0,0,0,0,0,0,6,62,11,4,6,7,5,72.7,0,0,0,0,0.0,0,0,0,0,0,0,0,0,0,0,0,0,1
16,54,60,34,4,3,7,5,3,5,5,4,6,6,0,0,0,50,0,0,70,34,8,5,0,3,0,3,4,0,5,0,0,0,6,0,0,0,0,0,0,0,0,0,0,0,5,2,2,7,5,90.0,0,0,0,0,0.0,0,0,0,0,0,0,0,0,0,0,0,0,1
141,56,90,32,8,7,7,7,7,6,6,6,7,8,100,60,80,87,31,70,0,0,7,7,6,6,7,7,6,5,5,0,6,5,7,7,6,0,0,0,0,0,0,0,0,74,13,1,5,8,6,100.0,0,0,0,0,0.0,0,0,0,0,0,0,0,0,0,0,0,0,1
157,56,90,0,6,5,6,6,4,0,6,5,7,9,100,100,40,90,56,80,80,60,5,3,4,0,6,6,5,5,0,0,5,7,5,6,4,0,0,0,0,0,0,0,0,66,13,2,12,8,4,92.3,0,0,0,0,0.0,0,0,0,0,0,0,0,0,0,0,0,0,1
158,54,70,0,5,5,7,7,4,0,7,5,7,8,80,60,60,50,37,50,62,66,5,5,4,0,5,2,5,4,0,0,7,5,5,6,6,0,0,0,0,0,0,0,0,56,13,8,6,5,6,46.2,0,0,0,0,0.0,0,0,0,0,0,0,0,0,0,0,0,0,1
36,54,60,36,4,4,3,6,4,4,4,6,6,8,100,80,80,80,46,70,88,46,5,7,3,6,6,5,0,0,7,0,0,0,0,0,0,0,0,0,0,0,0,0,0,62,11,1,1,8,7,100.0,0,0,0,0,0.0,0,0,0,0,0,0,0,0,0,0,0,0,1
23,56,90,34,6,6,6,6,6,6,5,5,6,5,0,0,0,98,0,20,100,90,5,0,0,0,0,6,0,5,0,0,0,0,0,0,0,0,0,0,0,0,0,0,4,68,12,1,4,7,6,100.0,0,0,0,0,0.0,0,0,0,0,0,0,0,0,0,0,0,0,1
119,53,70,0,6,0,5,6,5,5,7,7,6,5,100,60,40,43,25,10,34,56,7,8,3,3,6,3,6,3,0,0,7,5,5,5,7,0,0,0,0,0,0,4,4,0,11,2,3,7,6,90.9,0,0,0,0,0.0,0,0,0,0,0,0,0,0,0,0,0,0,1
118,55,80,30,8,6,7,7,7,5,8,7,8,6,100,100,20,80,60,50,0,0,6,7,8,7,5,8,7,5,5,0,6,5,6,8,8,0,0,0,0,0,0,0,0,72,15,3,1,7,8,86.7,0,0,0,0,0.0,0,0,0,0,0,0,0,0,0,0,0,0,1
60,56,60,39,5,3,5,4,5,5,6,4,7,5,100,80,20,55,0,30,0,20,8,0,3,4,4,5,6,0,6,0,4,6,4,4,4,0,0,0,0,0,0,0,0,64,12,4,6,6,5,75.0,0,0,0,0,0.0,0,0,0,0,0,0,0,0,0,0,0,0,1
61,55,80,25,6,3,6,6,6,3,6,6,6,8,0,0,0,98,0,90,88,64,4,0,4,0,0,3,4,6,0,0,6,8,6,5,0,0,0,0,0,0,0,0,3,51,13,6,5,5,5,61.5,0,0,0,0,0.0,0,0,0,0,0,0,0,0,0,0,0,0,1
61,55,60,33,6,5,6,5,6,5,6,6,6,7,100,100,20,55,0,50,68,30,6,7,4,5,6,5,6,0,0,0,6,8,6,6,6,0,0,0,0,0,0,0,0,66,13,3,4,7,6,84.6,0,0,0,0,0.0,0,0,0,0,0,0,0,0,0,0,0,0,1
62,56,80,35,7,8,6,7,7,8,8,7,8,7,0,0,0,7,0,0,80,60,8,4,3,0,6,7,0,7,9,0,0,0,0,0,0,0,0,0,0,0,0,0,5,81,13,2,6,7,5,92.3,0,0,0,0,0.0,0,0,0,0,0,0,0,0,0,0,0,0,1
181,54,70,26,7,6,6,7,5,7,7,6,7,9,0,80,20,60,50,50,0,0,7,6,5,6,7,4,6,6,6,4,6,5,6,6,6,6,0,0,0,0,0,0,0,70,10,2,1,8,7,90.0,0,0,0,0,0.0,0,0,0,0,0,0,0,0,0,0,0,0,1
18,56,80,31,7,0,8,7,6,0,8,7,7,8,60,100,40,84,70,80,0,0,7,0,8,0,0,6,6,5,0,0,0,0,7,7,0,0,0,0,0,0,0,0,5,0,14,1,2,8,7,100.0,0,0,0,0,0.0,0,0,0,0,0,0,0,0,0,0,0,0,1
90,55,80,25,4,8,5,8,7,7,4,6,7,8,100,60,60,57,16,60,0,0,6,6,0,0,8,2,5,8,0,6,7,7,6,6,6,7,0,0,6,6,6,0,0,64,14,4,14,7,3,78.6,0,0,0,0,0.0,0,0,0,0,0,0,0,0,0,0,0,0,1
39,56,80,33,6,6,6,6,6,0,5,7,6,6,0,0,0,60,30,60,38,0,8,6,5,5,6,4,0,5,0,0,4,4,6,6,0,0,0,0,0,0,0,0,5,67,11,3,1,7,8,81.8,0,0,0,0,0.0,0,0,0,0,0,0,0,0,0,0,0,0,1
86,55,80,27,6,6,4,6,7,6,7,6,6,7,0,0,0,98,0,0,98,90,6,0,5,0,0,0,0,4,0,0,0,0,0,0,0,0,0,0,0,0,0,4,4,0,5,5,5,3,2,20.0,0,0,0,0,0.0,0,0,0,0,0,0,0,0,0,0,0,0,1
140,54,70,26,3,5,3,3,4,3,4,3,3,5,60,80,40,74,0,30,0,46,5,0,3,6,3,3,3,0,0,0,4,5,5,6,6,0,0,0,0,0,0,0,0,56,12,3,8,6,4,83.3,0,0,0,0,0.0,0,0,0,0,0,0,0,0,0,0,0,0,1
62,56,90,31,7,5,8,7,7,6,7,7,7,6,100,100,40,64,0,70,54,60,8,6,4,5,6,5,6,0,0,0,7,7,6,6,6,0,0,0,0,0,0,0,0,74,13,1,2,7,6,96.2,0,0,0,0,0.0,0,0,0,0,0,0,0,0,0,0,0,0,1
169,56,90,25,8,6,7,6,8,7,5,7,6,8,100,80,80,88,72,100,0,0,7,0,4,6,6,6,4,3,0,0,7,6,5,5,5,0,0,0,0,0,0,0,0,60,15,6,7,6,6,66.7,0,0,0,0,0.0,0,0,0,0,0,0,0,0,0,0,0,0,1
22,54,60,32,7,7,6,7,7,7,5,5,7,7,80,80,40,60,50,90,0,54,8,0,7,0,7,5,6,0,0,0,5,6,5,6,6,0,0,0,0,0,0,0,0,71,13,3,8,7,5,84.6,0,0,0,0,0.0,0,0,0,0,0,0,0,0,0,0,0,0,1
171,55,70,31,8,9,8,8,7,8,8,8,8,9,100,80,60,65,34,80,0,0,6,8,5,5,7,7,5,0,7,5,6,7,6,5,5,7,0,0,0,0,0,0,0,78,12,3,8,7,5,83.3,0,0,0,0,0.0,0,0,0,0,0,0,0,0,0,0,0,0,1
67,54,70,0,5,6,5,5,3,5,5,5,5,8,0,0,0,70,0,70,90,50,5,8,3,5,0,4,5,5,5,0,5,3,5,0,0,0,0,0,0,0,0,4,4,64,8,2,6,7,4,87.5,0,0,0,0,0.0,0,0,0,0,0,0,0,0,0,0,0,1,1
33,56,90,29,5,5,4,4,7,5,5,5,5,8,0,0,0,90,0,0,88,86,7,8,6,0,4,3,0,6,0,0,0,0,0,0,0,0,0,0,0,0,0,0,5,58,13,6,8,5,5,61.5,0,0,0,0,0.0,0,0,0,0,0,0,0,0,0,0,0,0,1
62,0,0,0,7,7,6,6,7,6,7,7,7,8,0,0,0,98,66,80,90,0,8,8,0,7,0,6,0,0,4,0,8,8,7,7,0,0,0,0,0,0,0,3,3,75,12,2,2,8,7,91.7,0,0,0,0,0.0,0,0,0,0,0,0,0,0,0,0,0,0,1
126,56,90,33,7,7,6,7,7,7,6,7,6,7,0,0,0,78,0,0,100,80,0,0,0,0,0,7,0,6,0,0,0,0,5,0,0,0,0,0,0,0,0,0,0,0,7,3,4,6,6,71.4,0,0,0,0,0.0,0,0,0,0,0,0,0,0,0,0,0,0,1
161,54,70,28,4,5,5,5,5,0,5,4,5,7,100,60,40,60,23,20,86,44,5,6,4,0,5,2,4,4,0,0,5,5,5,6,5,0,0,0,0,0,0,0,0,59,13,5,3,5,6,69.2,0,0,0,0,0.0,0,0,0,0,0,0,0,0,0,0,0,0,1
77,56,80,32,3,5,5,5,2,4,4,3,4,6,0,0,0,88,0,30,58,62,2,0,0,0,0,0,0,2,0,0,0,0,0,0,0,0,0,0,0,0,0,0,4,56,13,3,2,6,6,84.6,0,0,0,0,0.0,0,0,0,0,0,0,0,0,0,0,0,0,1
142,55,70,32,5,5,4,4,4,6,6,5,7,6,100,60,40,45,0,40,30,2,6,6,5,5,5,4,4,0,0,0,6,7,6,7,5,0,0,0,0,0,0,0,0,0,12,7,2,5,7,50.0,0,0,0,0,0.0,0,0,0,0,0,0,0,0,0,0,0,0,1
44,56,90,28,7,6,5,6,7,7,6,7,7,6,100,40,60,68,60,80,0,0,7,7,6,6,5,6,5,6,6,0,6,5,7,7,6,0,0,0,0,0,0,0,0,69,14,2,5,7,7,92.9,0,0,0,0,0.0,0,0,0,0,0,0,0,0,0,0,0,0,1
106,56,80,34,6,3,6,6,6,6,6,7,7,6,0,80,1,70,26,40,0,0,6,0,0,0,2,3,5,0,4,5,5,4,4,5,5,0,0,0,0,0,0,0,0,57,13,6,3,6,6,61.5,0,0,0,0,0.0,0,0,0,0,0,0,0,0,0,0,0,0,1
180,0,0,0,7,6,6,6,7,6,6,7,7,7,100,60,20,74,10,30,0,0,8,9,5,6,5,4,5,0,6,7,6,5,4,5,6,7,0,0,0,0,0,0,0,67,12,4,2,6,7,75.0,0,0,0,0,0.0,0,0,0,0,0,0,0,0,0,0,0,0,1
182,56,80,31,7,6,6,7,6,6,7,6,7,9,80,5,60,70,39,70,30,40,6,9,6,7,6,4,0,7,5,0,6,8,6,7,4,0,0,0,0,0,0,0,0,70,8,2,3,6,6,87.5,0,0,0,0,0.0,0,0,0,0,0,0,0,0,0,0,0,0,1
43,56,70,32,4,0,4,4,4,0,5,5,5,8,80,100,40,65,60,24,60,60,5,6,2,5,4,3,4,0,0,0,6,6,5,6,4,0,0,0,0,0,0,4,4,0,13,5,4,6,6,69.2,0,0,0,0,0.0,0,0,0,0,0,0,0,0,0,0,0,0,1
71,55,80,0,6,5,5,5,7,5,6,3,4,8,0,0,0,50,62,10,0,22,2,7,5,6,0,6,5,4,0,0,5,3,5,5,0,0,0,0,0,0,0,0,5,52,11,7,5,5,5,45.5,0,0,0,0,0.0,0,0,0,0,0,0,0,0,0,0,0,0,1
65,56,80,34,6,7,6,6,6,5,5,6,5,7,100,80,60,35,44,50,0,0,7,5,3,6,6,6,5,5,5,6,6,5,5,6,5,5,0,0,0,0,0,0,0,68,13,4,4,6,6,76.9,0,0,0,0,0.0,0,0,0,0,0,0,0,0,0,0,0,0,1
83,0,0,0,6,6,5,6,5,5,5,3,4,7,0,0,0,75,0,70,90,46,2,5,0,0,0,0,0,4,0,0,0,0,0,0,0,0,0,0,0,0,0,0,5,54,13,7,6,5,5,53.8,0,0,0,0,0.0,0,0,0,0,0,0,0,0,0,0,0,0,1
23,55,80,27,6,0,6,6,6,0,7,6,6,5,80,80,20,76,8,50,0,0,4,9,5,0,0,7,3,5,0,0,0,0,4,5,0,0,0,0,0,0,0,0,5,0,14,2,3,7,6,92.9,0,0,0,0,0.0,0,0,0,0,0,0,0,0,0,0,0,0,1
80,56,70,38,7,5,6,6,5,6,6,6,7,7,100,60,20,40,34,40,0,0,5,0,1,6,6,6,4,6,4,0,7,9,6,6,2,0,0,0,0,0,0,0,0,70,15,1,2,8,6,100.0,0,0,0,0,0.0,0,0,0,0,0,0,0,0,0,0,0,0,1
136,55,80,0,6,5,7,6,5,6,6,6,6,6,0,0,0,50,30,60,60,0,3,6,4,0,0,6,0,0,6,0,0,0,0,0,0,0,0,0,0,0,0,0,0,0,7,4,2,5,6,57.1,0,0,0,0,0.0,0,0,0,0,0,0,0,0,0,0,0,0,1
133,56,90,31,7,7,7,6,7,8,6,5,5,9,100,100,100,0,0,80,96,50,6,7,4,5,5,7,5,0,5,0,7,7,5,5,7,0,0,0,0,0,0,0,0,70,14,3,5,7,6,85.7,0,0,0,0,0.0,0,0,0,0,0,0,0,0,0,0,0,0,1
92,56,80,32,5,5,6,5,5,5,5,5,5,7,0,0,0,80,0,70,88,60,6,0,0,0,0,2,0,3,3,0,0,0,0,0,0,0,0,0,0,0,0,0,3,62,14,4,3,6,7,78.6,0,0,0,0,0.0,0,0,0,0,0,0,0,0,0,0,0,0,1
129,56,90,29,7,7,7,7,7,8,8,5,7,6,80,100,100,0,0,60,42,30,0,8,5,7,4,5,7,0,5,0,4,5,5,6,7,0,0,0,0,0,0,0,0,0,14,4,2,6,7,78.6,0,0,0,0,0.0,0,0,0,0,0,0,0,0,0,0,0,0,1
79,55,70,32,7,6,7,7,5,6,6,6,6,8,0,0,0,70,0,70,60,60,7,0,3,0,0,6,4,0,0,0,6,9,5,5,0,0,0,0,0,0,0,0,4,71,13,1,1,8,7,96.2,0,0,0,0,0.0,0,0,0,0,0,0,0,0,0,0,0,0,1
335,55,70,33,6,4,4,5,6,6,1,6,6,6,0,40,40,52,0,30,0,0,0,1,0,4,6,4,0,0,0,4,3,1,3,4,3,2,0,0,0,0,0,0,0,0,14,3,1,7,6,85.7,0,0,0,0,0.0,0,0,0,0,0,0,0,0,0,0,0,0,1
62,56,90,32,6,0,4,6,9,0,3,6,6,0,100,80,80,80,34,70,78,44,7,4,8,5,7,7,7,5,0,0,4,6,6,5,5,0,0,0,0,0,0,0,0,0,11,1,7,8,5,100.0,0,0,0,0,0.0,0,0,0,0,0,0,0,0,0,0,0,0,1
80,56,90,32,4,7,5,6,6,7,7,7,6,9,0,0,0,89,50,90,0,56,7,7,5,6,0,6,6,6,0,0,0,6,6,5,0,0,0,0,0,0,0,0,5,76,11,1,4,8,6,100.0,0,0,0,0,0.0,0,0,0,0,0,0,0,0,0,0,0,0,1
54,54,60,27,8,7,7,7,8,8,7,7,8,7,100,40,60,25,18,90,0,0,6,7,5,6,0,7,6,8,0,0,7,4,5,7,5,0,0,0,0,0,0,0,0,73,15,1,4,8,6,100.0,0,0,0,0,0.0,0,0,0,0,0,0,0,0,0,0,0,0,1
137,54,70,0,7,7,5,6,8,7,6,6,7,9,0,0,0,78,70,100,100,0,6,7,5,0,0,5,0,0,5,0,0,0,0,0,0,0,0,0,0,0,0,0,0,0,7,3,3,6,6,78.6,0,0,0,0,0.0,0,0,0,0,0,0,0,0,0,0,0,0,1
100,56,90,27,8,7,5,6,7,8,9,9,9,9,0,0,0,97,0,70,100,80,7,0,0,0,0,6,0,4,0,0,0,0,0,0,0,0,0,0,0,0,0,0,0,79,14,1,1,9,7,100.0,0,0,0,0,0.0,0,0,0,0,0,0,0,0,0,0,0,0,1
132,56,70,34,8,7,8,7,7,6,5,8,8,9,0,80,100,70,34,80,0,0,8,8,0,0,5,6,8,0,6,4,0,4,5,0,0,0,0,0,0,0,0,0,0,74,15,1,2,8,7,100.0,0,0,0,0,0.0,0,0,0,0,0,0,0,0,0,0,0,0,1
82,56,90,31,6,6,6,6,6,2,6,6,6,8,60,0,40,66,46,100,0,0,8,0,0,4,3,5,7,5,4,7,7,5,7,6,8,0,0,7,3,0,0,0,0,72,13,1,7,8,5,100.0,0,0,0,0,0.0,0,0,0,0,0,0,0,0,0,0,0,0,1
30,56,80,36,6,7,5,6,6,6,5,5,7,6,100,40,60,57,62,40,0,0,7,6,4,6,6,5,0,6,5,0,7,6,5,6,4,0,0,0,0,0,0,0,0,70,14,3,6,7,6,85.7,0,0,0,0,0.0,0,0,0,0,0,0,0,0,0,0,0,0,1
102,55,70,32,6,6,4,5,6,6,7,7,7,7,0,0,0,70,0,80,78,58,6,0,0,0,0,6,0,3,0,0,0,0,0,0,0,0,0,0,0,0,0,0,0,67,14,5,6,6,6,71.4,0,0,0,0,0.0,0,0,0,0,0,0,0,0,0,0,0,0,1
18,54,70,0,6,5,6,7,5,6,7,7,7,7,100,20,40,38,12,60,0,0,7,8,4,5,6,2,6,5,6,0,4,2,6,7,4,0,0,0,0,0,0,0,0,69,14,2,2,7,7,92.9,0,0,0,0,0.0,0,0,0,0,0,0,0,0,0,0,0,0,1
74,56,80,33,6,7,5,6,5,6,6,6,6,5,100,80,40,68,24,60,0,0,6,7,7,7,6,4,5,5,5,0,6,6,4,5,5,0,0,0,0,0,0,0,0,72,15,2,2,7,7,93.3,0,0,0,0,0.0,0,0,0,0,0,0,0,0,0,0,0,0,1
132,56,80,34,6,7,2,5,6,5,5,4,4,9,80,60,100,0,0,30,52,22,0,6,7,5,3,4,5,0,4,0,7,5,5,7,7,0,0,0,0,0,0,0,0,0,14,6,10,6,5,64.3,0,0,0,0,0.0,0,0,0,0,0,0,0,0,0,0,0,0,1
75,56,90,0,7,4,6,6,7,6,7,7,8,7,100,80,40,53,44,30,0,0,8,0,8,6,6,7,3,7,6,0,5,5,6,7,7,0,0,0,0,0,0,0,0,63,15,6,14,6,4,66.7,0,0,0,0,0.0,0,0,0,0,0,0,0,0,0,0,0,0,1
76,55,80,27,4,5,2,3,4,5,4,4,4,7,0,0,0,80,32,60,62,0,5,0,4,3,4,5,0,4,0,0,4,5,5,5,0,0,0,0,0,0,0,0,3,54,11,5,9,6,4,63.6,0,0,0,0,0.0,0,0,0,0,0,0,0,0,0,0,0,0,1
111,56,80,32,7,5,6,6,7,6,6,7,7,7,100,80,80,54,18,80,0,0,6,6,6,6,8,8,6,6,0,0,6,0,8,7,6,0,0,0,0,0,0,0,0,68,15,1,2,9,8,100.0,0,0,0,0,0.0,0,0,0,0,0,0,0,0,0,0,0,0,1
62,54,60,29,7,7,7,7,6,7,9,7,7,7,80,80,60,77,46,70,0,0,7,7,4,3,7,4,4,4,7,0,4,5,6,7,5,0,0,0,0,0,0,0,0,75,13,4,4,6,6,76.9,0,0,0,0,0.0,0,0,0,0,0,0,0,0,0,0,0,0,1
147,55,70,32,7,7,7,7,7,6,7,6,7,8,0,60,60,99,70,50,0,50,7,7,5,2,6,6,4,5,5,5,5,4,5,5,4,4,0,0,0,0,0,0,0,70,13,5,5,6,6,69.2,0,0,0,0,0.0,0,0,0,0,0,0,0,0,0,0,0,0,1
109,56,90,27,9,6,7,8,8,6,9,9,8,9,80,80,40,100,0,40,35,56,7,0,8,3,5,8,5,8,5,0,5,6,5,5,5,0,0,0,0,0,0,0,0,75,13,2,4,7,6,92.3,0,0,0,0,0.0,0,0,0,0,0,0,0,0,0,0,0,0,1
36,56,80,38,6,6,6,6,7,6,5,7,6,0,0,80,40,80,65,80,0,0,7,0,0,6,5,4,6,0,5,7,0,6,6,7,7,7,0,0,0,0,0,0,0,72,14,1,6,8,6,100.0,0,0,0,0,0.0,0,0,0,0,0,0,0,0,0,0,0,0,1
112,56,80,29,5,8,4,6,7,6,5,6,7,3,60,60,100,66,50,90,0,0,7,0,0,0,6,5,6,5,5,5,0,8,6,5,3,6,0,0,0,0,0,0,0,61,14,9,10,5,4,42.9,0,0,0,0,0.0,0,0,0,0,0,0,0,0,0,0,0,0,1
158,55,80,0,7,7,6,6,7,8,7,7,6,8,100,0,20,56,14,30,0,0,6,6,0,7,4,3,5,5,3,1,7,5,4,5,6,0,0,5,1,0,0,0,0,67,13,6,5,5,5,61.5,0,0,0,0,0.0,0,0,0,0,0,0,0,0,0,0,0,0,1
139,56,90,25,5,7,4,5,5,6,7,5,6,8,0,60,60,48,26,30,0,0,6,7,0,0,6,4,4,0,6,4,0,7,7,0,6,0,0,5,0,0,7,0,0,60,13,9,2,5,7,38.5,0,0,0,0,0.0,0,0,0,0,0,0,0,0,0,0,0,0,1
525,0,0,0,8,8,6,8,7,8,8,8,8,4,80,40,80,77,16,0,0,0,7,6,0,0,7,7,0,0,7,3,0,0,0,0,0,0,0,0,0,0,6,0,0,78,13,2,1,7,6,92.3,0,0,0,0,0.0,0,0,0,0,0,0,0,0,0,0,0,0,1
41,55,70,30,8,6,5,7,4,6,9,7,7,7,10,10,0,6,3,2,0,0,5,4,4,5,6,2,0,6,5,0,5,7,5,5,5,0,0,0,0,0,0,0,0,74,11,2,2,8,7,90.9,0,0,0,0,0.0,0,0,0,0,0,0,0,0,0,0,0,0,1
41,56,70,34,6,6,4,4,5,6,6,7,7,9,80,20,40,42,44,30,0,0,5,0,5,0,5,2,4,5,5,5,6,7,5,6,6,7,0,0,0,0,0,0,0,69,12,2,5,7,5,91.7,0,0,0,0,0.0,0,0,0,0,0,0,0,0,0,0,0,0,1
236,56,80,36,5,6,3,5,5,6,5,5,6,6,0,80,80,78,26,70,0,0,6,6,0,0,5,5,0,0,5,0,0,5,0,0,0,0,0,0,0,0,0,0,0,69,15,2,4,8,7,93.3,0,0,0,0,0.0,0,0,0,0,0,0,0,0,0,0,0,0,1
212,55,90,25,6,7,5,6,6,5,6,6,6,8,0,80,20,40,20,50,0,0,7,0,0,0,5,4,0,0,5,5,0,5,5,0,5,0,0,0,0,0,0,0,0,54,14,13,12,3,4,14.3,0,0,0,0,0.0,0,0,0,0,0,0,0,0,0,0,0,0,1
210,56,90,30,7,6,6,6,8,5,7,7,6,8,80,40,40,16,60,40,0,0,6,0,0,0,6,8,7,6,0,7,0,5,5,6,5,5,30,4,0,0,0,0,0,68,14,4,6,7,6,78.6,0,0,0,0,0.0,0,0,0,0,0,0,0,0,0,0,0,0,1
129,56,70,39,6,5,2,5,4,5,4,6,6,7,0,40,60,55,0,60,0,0,3,3,0,5,5,5,2,3,0,4,5,4,5,5,5,3,0,0,0,0,6,0,0,58,14,5,6,6,6,71.4,0,0,0,0,0.0,0,0,0,0,0,0,0,0,0,0,0,0,1
517,56,90,34,7,7,7,8,7,8,8,7,7,8,40,20,0,45,29,0,0,0,7,6,0,0,4,4,0,0,7,2,0,0,0,0,0,0,0,0,0,0,7,0,0,79,13,1,3,8,6,100.0,0,0,0,0,0.0,0,0,0,0,0,0,0,0,0,0,0,0,1
90,54,80,0,7,6,6,7,6,7,7,6,6,0,0,80,60,90,32,70,0,74,6,6,0,0,5,6,5,0,6,3,0,5,5,0,7,0,0,0,0,0,0,0,0,66,13,5,6,6,5,69.2,0,0,0,0,0.0,0,0,0,0,0,0,0,0,0,0,0,0,1
73,56,80,34,6,5,7,6,7,6,8,6,6,6,100,100,40,0,64,20,0,0,7,7,0,0,7,7,4,7,6,8,0,6,5,0,6,0,44,6,0,0,5,0,0,73,15,2,1,7,7,93.3,0,0,0,0,0.0,0,0,0,0,0,0,0,0,0,0,0,0,1
65,55,80,26,7,6,3,6,6,6,6,6,6,6,80,100,60,66,66,20,0,0,7,6,0,0,4,8,6,6,6,7,0,6,6,6,7,0,44,4,0,0,5,0,0,69,12,1,2,8,7,100.0,0,0,0,0,0.0,0,0,0,0,0,0,0,0,0,0,0,0,1
537,0,0,0,7,7,6,6,4,7,7,5,6,8,0,40,20,24,37,20,0,0,6,0,0,0,6,4,0,0,6,2,0,0,0,0,0,0,60,0,0,0,5,0,0,72,11,2,3,7,6,90.9,0,0,0,0,0.0,0,0,0,0,0,0,0,0,0,0,0,0,1
67,56,80,31,7,6,8,7,7,6,7,7,7,7,100,60,60,76,50,60,0,0,7,0,5,7,6,5,6,6,5,7,6,4,5,5,6,0,0,0,0,0,0,0,0,69,12,4,7,7,5,79.2,0,0,0,0,0.0,0,0,0,0,0,0,0,0,0,0,0,0,1
82,56,90,34,5,4,4,4,4,5,4,5,6,8,0,80,40,57,35,40,0,0,4,5,0,2,3,4,4,4,4,4,2,7,3,5,2,6,0,0,0,0,0,0,0,57,13,3,2,7,7,84.6,0,0,0,0,0.0,0,0,0,0,0,0,0,0,0,0,0,0,1
275,56,80,30,7,7,6,7,7,7,7,6,7,7,0,0,0,30,39,30,0,0,8,6,0,3,6,8,0,6,6,3,5,5,8,7,4,8,0,5,0,0,3,0,0,69,14,6,9,5,5,60.7,0,0,0,0,0.0,0,0,0,0,0,0,0,0,0,0,0,0,1
286,56,90,29,4,4,4,5,3,4,4,5,5,4,0,80,60,88,30,50,0,0,5,6,0,4,5,4,4,4,5,5,3,5,5,5,4,5,0,0,0,0,0,0,0,57,14,3,3,6,6,85.7,0,0,0,0,0.0,0,0,0,0,0,0,0,0,0,0,0,0,1
515,0,0,0,6,6,6,6,5,6,6,6,6,8,0,80,20,0,46,20,0,0,7,7,0,0,6,5,0,0,6,6,0,0,0,0,0,0,0,0,0,0,6,0,0,69,13,2,4,8,6,92.3,0,0,0,0,0.0,0,0,0,0,0,0,0,0,0,0,0,0,1
18,56,90,0,6,6,3,4,5,6,6,5,6,7,0,80,20,40,24,50,0,0,8,8,4,5,5,4,6,6,7,5,6,6,6,7,3,6,0,0,0,0,0,0,0,61,14,9,3,5,6,42.9,0,0,0,0,0.0,0,0,0,0,0,0,0,0,0,0,0,0,1
43,56,90,32,8,7,6,6,8,8,9,7,8,9,100,60,100,70,64,80,0,0,8,8,8,0,9,7,8,7,5,8,8,7,7,5,7,9,0,0,0,0,0,0,0,81,10,1,9,6,3,95.0,0,0,0,0,0.0,0,0,0,0,0,0,0,0,0,0,0,0,1
133,55,80,26,6,5,8,7,7,5,5,5,4,8,80,80,60,100,49,90,0,0,6,6,0,5,6,5,6,7,5,6,0,5,5,5,0,5,68,7,6,6,6,0,0,62,12,2,6,7,6,91.7,0,0,0,0,0.0,0,0,0,0,0,0,0,0,0,0,0,0,1
112,56,90,29,7,6,5,6,5,6,8,3,5,8,80,40,100,70,0,90,0,0,6,7,3,6,8,7,7,4,5,6,7,6,5,5,4,0,0,0,0,0,0,0,0,74,12,1,1,7,7,100.0,0,0,0,0,0.0,0,0,0,0,0,0,0,0,0,0,0,0,1
310,56,70,34,6,6,6,6,5,7,5,6,6,8,0,0,0,56,36,50,0,0,7,0,0,7,5,3,0,0,4,0,0,0,0,0,0,0,0,0,0,0,0,0,0,70,12,1,2,8,6,100.0,0,0,0,0,0.0,0,0,0,0,0,0,0,0,0,0,0,0,1
25,53,60,28,6,5,3,5,6,6,6,6,6,8,0,80,60,67,46,40,0,0,7,6,4,6,5,6,4,6,7,3,5,7,6,7,5,8,0,0,0,0,0,0,0,62,14,5,2,6,6,71.4,0,0,0,0,0.0,0,0,0,0,0,0,0,0,0,0,0,0,1
50,56,80,36,5,7,7,7,4,7,7,5,6,9,80,40,20,41,2,20,56,2,6,4,0,0,3,2,4,3,3,3,0,8,8,0,8,0,0,5,0,0,4,0,0,77,12,1,1,8,7,100.0,0,0,0,0,0.0,0,0,0,0,0,0,0,0,0,0,0,0,1
529,56,90,28,7,7,4,8,7,7,6,7,5,7,100,80,60,59,25,0,0,0,4,6,0,0,7,7,0,0,5,6,0,0,0,0,0,0,0,0,0,0,2,0,0,57,13,9,5,5,6,38.5,0,0,0,0,0.0,0,0,0,0,0,0,0,0,0,0,0,0,1
270,55,80,27,7,7,6,7,6,7,6,7,6,7,0,20,1,62,65,40,0,0,6,0,0,5,7,6,7,6,6,5,7,6,6,6,6,6,0,6,0,0,5,0,0,57,12,9,9,5,5,33.3,0,0,0,0,0.0,0,0,0,0,0,0,0,0,0,0,0,0,1
44,55,70,30,6,6,3,5,6,5,5,5,5,7,0,0,0,55,37,70,0,0,5,6,0,4,3,6,0,6,5,5,5,5,5,5,6,3,0,6,0,0,5,0,0,64,14,3,6,7,6,85.7,0,0,0,0,0.0,0,0,0,0,0,0,0,0,0,0,0,0,1
193,56,90,28,6,6,4,7,6,5,7,7,7,3,80,100,60,44,44,80,0,0,8,7,0,0,7,5,4,4,0,5,7,7,5,6,5,5,0,6,0,0,0,0,0,72,15,2,3,8,7,93.3,0,0,0,0,0.0,0,0,0,0,0,0,0,0,0,0,0,0,1
258,55,70,32,7,4,6,6,5,7,7,6,5,6,0,40,40,35,0,10,0,0,5,0,2,7,8,6,5,4,5,7,4,8,5,5,6,4,0,4,0,0,0,0,0,63,13,4,4,7,6,76.9,0,0,0,0,0.0,0,0,0,0,0,0,0,0,0,0,0,0,1
95,56,90,32,3,5,7,6,5,0,7,6,7,0,100,80,60,53,46,40,0,0,6,7,0,0,4,5,8,6,0,6,4,7,6,7,5,7,0,0,0,0,0,0,4,71,16,1,1,7,7,100.0,7,5,6,0,5.0,6,5,5,7,1,0,28,3,4,4,2,0,1
82,56,70,32,8,7,8,8,7,6,7,7,5,9,60,20,60,77,26,70,0,0,8,9,0,0,3,4,6,6,6,3,0,4,5,4,5,3,48,7,0,0,5,0,0,70,11,5,6,6,5,63.6,0,0,0,0,0.0,0,0,0,0,0,0,0,0,0,0,0,0,1
76,54,60,32,6,6,4,5,6,6,5,6,6,8,100,80,80,43,19,60,78,34,7,6,5,4,0,5,4,4,0,2,0,0,5,0,5,6,44,6,0,0,4,0,0,64,10,4,6,6,4,75.0,8,0,5,0,8.0,5,3,2,0,4,2,25,6,7,8,1,0,1
74,54,60,31,6,5,7,6,6,6,6,6,6,6,60,40,20,0,40,10,0,0,7,8,0,0,6,6,6,6,6,3,0,8,7,0,9,0,64,4,0,0,2,0,0,64,15,5,9,6,5,73.3,0,0,0,0,0.0,0,0,0,0,0,0,0,0,0,0,0,0,0
344,56,60,40,8,6,8,8,8,8,7,9,8,9,0,0,0,49,44,40,0,0,6,8,0,0,6,5,0,0,0,0,0,0,0,0,0,0,68,0,0,0,5,0,0,64,12,8,7,5,5,41.7,0,0,0,0,0.0,0,0,0,0,0,0,0,0,0,0,0,0,0
57,56,80,38,6,6,7,7,7,4,6,6,6,8,100,100,80,73,0,20,0,0,3,6,7,0,2,5,7,3,6,9,4,7,8,6,6,4,0,0,0,0,0,0,0,64,10,4,3,5,6,70.0,0,0,0,0,0.0,0,0,0,0,0,0,0,0,0,0,0,0,0
313,56,90,31,7,8,6,6,8,7,7,5,6,7,0,0,0,90,82,70,0,0,8,0,0,6,6,6,0,0,4,0,0,0,0,0,0,0,0,0,0,0,0,0,0,76,12,3,1,7,7,83.3,0,0,0,0,0.0,0,0,0,0,0,0,0,0,0,0,0,0,1
222,56,80,31,6,8,5,5,5,0,6,7,7,6,80,80,20,75,30,80,0,0,5,5,0,5,6,5,5,6,5,4,5,6,6,5,6,0,36,6,0,0,4,0,0,65,11,5,2,6,6,59.1,0,0,0,0,0.0,0,0,0,0,0,0,0,0,0,0,0,0,1
186,56,70,0,7,6,7,7,6,7,7,6,7,8,0,80,20,70,60,40,0,0,6,6,0,2,7,5,7,5,6,6,5,5,5,6,8,6,0,7,0,0,5,0,0,64,12,6,12,5,4,58.3,0,0,0,0,0.0,0,0,0,0,0,0,0,0,0,0,0,0,1
199,56,80,31,6,6,5,6,6,6,7,6,6,7,100,60,60,62,34,50,0,0,7,8,0,0,6,5,6,6,6,4,5,3,5,6,5,6,36,4,0,0,5,0,0,71,15,3,9,7,5,86.7,0,0,0,0,0.0,0,0,0,0,0,0,0,0,0,0,0,0,1
67,56,80,30,5,4,4,4,6,0,7,5,4,8,100,20,60,74,22,70,76,62,5,5,7,3,0,4,5,5,0,1,0,0,5,0,5,4,68,6,0,0,5,0,0,64,10,2,3,7,6,90.0,3,0,3,0,3.0,7,9,9,0,9,1,15,7,8,9,1,0,1
186,54,80,0,8,6,6,6,7,8,8,7,8,9,0,40,40,80,70,50,0,0,8,9,6,6,6,4,4,5,8,7,6,6,6,5,5,6,0,0,0,0,0,0,0,73,13,3,5,6,6,84.6,0,0,0,0,0.0,0,0,0,0,0,0,0,0,0,0,0,0,1
